y_true,y_pred,prob_1-0,prob_0-1,prob_1/2-1/2
1-0,1-0,0.0,0.35,0.62
1-0,0-1,0.0,0.56,0.4
1-0,0-1,0.0,0.65,0.34
1-0,1-0,0.0,0.45,0.55
1/2-1/2,0-1,0.0,0.43,0.34
1-0,0-1,0.0,0.56,0.44
0-1,1-0,0.0,0.45,0.54
1-0,0-1,0.0,0.67,0.33
1-0,1-0,0.0,0.22,0.73
0-1,0-1,0.0,0.61,0.39
0-1,1-0,0.0,0.31,0.69
0-1,0-1,0.0,0.76,0.1
1-0,0-1,0.0,0.58,0.42
1/2-1/2,0-1,0.0,0.56,0.36
0-1,1-0,0.0,0.24,0.76
0-1,0-1,0.0,0.67,0.33
0-1,1-0,0.0,0.43,0.57
0-1,0-1,0.0,0.68,0.3
1-0,0-1,0.0,0.5,0.49
1-0,0-1,0.0,0.68,0.32
0-1,0-1,0.0,0.63,0.36
0-1,1-0,0.0,0.27,0.73
0-1,0-1,0.0,0.51,0.48
0-1,0-1,0.0,0.56,0.44
0-1,0-1,0.0,0.77,0.19
0-1,0-1,0.0,0.68,0.32
1-0,0-1,0.0,0.575,0.425
0-1,0-1,0.0,0.53,0.47
0-1,1-0,0.0,0.16,0.84
1-0,0-1,0.0,0.61,0.23
1-0,0-1,0.0,0.51,0.49
1-0,1-0,0.0,0.48,0.51
1-0,1-0,0.0,0.47,0.5
0-1,0-1,0.0,0.57,0.43
0-1,1-0,0.0,0.41,0.59
0-1,0-1,0.0,0.56,0.43
0-1,1-0,0.0,0.42,0.58
1-0,1-0,0.0,0.26,0.73
1-0,1-0,0.0,0.32,0.68
0-1,1-0,0.0,0.19,0.81
0-1,0-1,0.0,0.64,0.35
1-0,0-1,0.0,0.54,0.45
0-1,1-0,0.0,0.37,0.6
0-1,1-0,0.0,0.09,0.9
0-1,0-1,0.0,0.81,0.19
1-0,0-1,0.0,0.82,0.16
1-0,1-0,0.0,0.42,0.58
1-0,0-1,0.0,0.51,0.47
0-1,0-1,0.0,0.5,0.23
1-0,0-1,0.0,0.8,0.2
1-0,1-0,0.0,0.3,0.69
0-1,1-0,0.01,0.43,0.49
0-1,1-0,0.0,0.4,0.59
1-0,1-0,0.0,0.17,0.79
0-1,1-0,0.0,0.33,0.67
1-0,0-1,0.0,0.72,0.28
1/2-1/2,0-1,0.0,0.8,0.2
1-0,0-1,0.0,0.83,0.12
0-1,1-0,0.0,0.32,0.68
1-0,0-1,0.0,0.6,0.38
0-1,0-1,0.0,0.6,0.4
0-1,1-0,0.0,0.27,0.73
0-1,1-0,0.0,0.12,0.87
0-1,0-1,0.0,0.7,0.26
0-1,0-1,0.0,0.47,0.45
1-0,1-0,0.0,0.47,0.53
0-1,0-1,0.0,0.74,0.25
1-0,0-1,0.0,0.57,0.28
1-0,0-1,0.0,0.74,0.25
1-0,0-1,0.0,0.44,0.33
1-0,0-1,0.0,0.64,0.36
1-0,1-0,0.0,0.2,0.74
0-1,1-0,0.0,0.27,0.61
1-0,1-0,0.0,0.18,0.82
0-1,1-0,0.0,0.44,0.56
1-0,0-1,0.0,0.71,0.27
1-0,1-0,0.0,0.42,0.58
0-1,1-0,0.0,0.36,0.59
0-1,0-1,0.0,0.87,0.13
1-0,1-0,0.0,0.36,0.63
1-0,0-1,0.0,0.63,0.16
0-1,0-1,0.0,0.52,0.41
0-1,0-1,0.0,0.56,0.44
1-0,0-1,0.0,0.59,0.41
0-1,0-1,0.0,0.54,0.46
0-1,1-0,0.0,0.36,0.64
0-1,0-1,0.0,0.56,0.44
0-1,0-1,0.0,0.51,0.48
1-0,0-1,0.0,0.62,0.38
0-1,1-0,0.0,0.28,0.7
1-0,0-1,0.0,0.57,0.33
1-0,0-1,0.0,0.54,0.46
1-0,0-1,0.0,0.46,0.45
1-0,0-1,0.0,0.53,0.46
0-1,0-1,0.0,0.56,0.43
1-0,1-0,0.0,0.24,0.76
0-1,0-1,0.0,0.52,0.48
0-1,0-1,0.0,0.53,0.47
0-1,0-1,0.0,0.57,0.41
1-0,1-0,0.0,0.27,0.72
0-1,0-1,0.0,0.82,0.17
0-1,1-0,0.0,0.4,0.59
0-1,0-1,0.0,0.65,0.34
0-1,0-1,0.0,0.81,0.15
0-1,0-1,0.0,0.83,0.16
1-0,1-0,0.0,0.4,0.6
0-1,1-0,0.0,0.33,0.67
1-0,0-1,0.0,0.77,0.22
0-1,0-1,0.0,0.53,0.43
0-1,1-0,0.0,0.1,0.9
0-1,1/2-1/2,0.0,0.09,0.17
0-1,1-0,0.0,0.36,0.64
1-0,1-0,0.0,0.38,0.62
0-1,1-0,0.0,0.4,0.46
1-0,1-0,0.0,0.36,0.64
0-1,0-1,0.0,0.76,0.15
1-0,0-1,0.0,0.62,0.38
1-0,0-1,0.0,0.5311666666666667,0.4688333333333334
0-1,0-1,0.0,0.64,0.36
1-0,0-1,0.0,0.79,0.21
1-0,0-1,0.0,0.61,0.37
1-0,0-1,0.0,0.62,0.38
0-1,0-1,0.0,0.79,0.21
0-1,0-1,0.0,0.5,0.4
1-0,1-0,0.0,0.47,0.53
1/2-1/2,1-0,0.0,0.12,0.86
0-1,0-1,0.0,0.66,0.34
1-0,0-1,0.0,0.51,0.49
1-0,0-1,0.0,0.53,0.47
0-1,1-0,0.0,0.295,0.575
0-1,1/2-1/2,0.0,0.28,0.3
0-1,0-1,0.0,0.84,0.16
1-0,1-0,0.0,0.47,0.51
0-1,1-0,0.0,0.21,0.79
1-0,0-1,0.0,0.59,0.37
0-1,0-1,0.01,0.72,0.23
0-1,1-0,0.0,0.32,0.4
1-0,0-1,0.0,0.63,0.37
0-1,0-1,0.0,0.54,0.45
1-0,1-0,0.0,0.18,0.82
0-1,0-1,0.0,0.55,0.45
1-0,0-1,0.0,0.55,0.36
0-1,0-1,0.0,0.5,0.49
0-1,0-1,0.0,0.62,0.35
1-0,0-1,0.0,0.53,0.46
1-0,0-1,0.0,0.7,0.3
0-1,0-1,0.0,0.68,0.3
0-1,0-1,0.0,0.64,0.36
1-0,1-0,0.0,0.4,0.6
0-1,1-0,0.0,0.22,0.78
1-0,0-1,0.0,0.6,0.39
1-0,1-0,0.0,0.29,0.7
1-0,1-0,0.0,0.36,0.64
1-0,0-1,0.0,0.41666666666666674,0.36333333333333334
1-0,0-1,0.0,0.77,0.23
0-1,0-1,0.0,0.56,0.36
1-0,1-0,0.0,0.35,0.64
0-1,0-1,0.0,0.68,0.3
0-1,1-0,0.0,0.36,0.64
0-1,0-1,0.0,0.64,0.16
0-1,1-0,0.0,0.24,0.76
1-0,1-0,0.0,0.475,0.485
0-1,0-1,0.0,0.74,0.26
0-1,1-0,0.0,0.39,0.57
1-0,1-0,0.0,0.34,0.66
1-0,1-0,0.0,0.48,0.51
1-0,1-0,0.0,0.33,0.59
1-0,1-0,0.0,0.46,0.54
0-1,0-1,0.0,0.53,0.46
0-1,0-1,0.0,0.52,0.48
0-1,1-0,0.0,0.27,0.71
1-0,1-0,0.0,0.32,0.68
0-1,0-1,0.0,0.59,0.36
0-1,1/2-1/2,0.0,0.2,0.25
1-0,0-1,0.0,0.49,0.34
1-0,1-0,0.0,0.04,0.95
1-0,1-0,0.0,0.41,0.59
1-0,1-0,0.0,0.07,0.91
0-1,1-0,0.0,0.23,0.77
0-1,1-0,0.0,0.33,0.65
0-1,1-0,0.0,0.41,0.53
0-1,0-1,0.0,0.51,0.49
0-1,1-0,0.0,0.19,0.81
0-1,1-0,0.0,0.37,0.62
0-1,1-0,0.0,0.36,0.6
1-0,1-0,0.0,0.45,0.53
1-0,0-1,0.0,0.53,0.34
1/2-1/2,1-0,0.0,0.48,0.51
1-0,0-1,0.0,0.6,0.4
0-1,0-1,0.0,0.8,0.2
0-1,1-0,0.0,0.28,0.59
0-1,0-1,0.0,0.64,0.36
1-0,0-1,0.0,0.66,0.33
0-1,0-1,0.0,0.42,0.34
0-1,1-0,0.0,0.25,0.55
0-1,0-1,0.0,0.55,0.44
1-0,1-0,0.0,0.12,0.88
0-1,1-0,0.0,0.18,0.81
0-1,1-0,0.0,0.17,0.82
1-0,0-1,0.0,0.5366666666666666,0.46333333333333326
0-1,1-0,0.0,0.42,0.58
1-0,0-1,0.0,0.61,0.38
0-1,1-0,0.0,0.39,0.61
0-1,1-0,0.0,0.27,0.71
0-1,1-0,0.0,0.16,0.84
1-0,1-0,0.0,0.42,0.52
0-1,1-0,0.0,0.48,0.51
1-0,0-1,0.0,0.53,0.46
0-1,0-1,0.0,0.55,0.45
1-0,1-0,0.0,0.31,0.68
0-1,0-1,0.0,0.71,0.29
1-0,1-0,0.0,0.41,0.59
1-0,1-0,0.0,0.43,0.57
0-1,0-1,0.0,0.58,0.31
1-0,1-0,0.0,0.31,0.57
0-1,0-1,0.0,0.55,0.44
0-1,1-0,0.0,0.41,0.5
1-0,1-0,0.0,0.39,0.61
1-0,1-0,0.0,0.38,0.61
1-0,0-1,0.0,0.56,0.44
0-1,1-0,0.0,0.32,0.68
0-1,1-0,0.0,0.43,0.56
1-0,0-1,0.0,0.43,0.35
1-0,1-0,0.0,0.49,0.51
0-1,1-0,0.0,0.29,0.71
1-0,0-1,0.0,0.53,0.36
1-0,0-1,0.0,0.7,0.3
0-1,0-1,0.0,0.57,0.4
0-1,1-0,0.0,0.23,0.76
0-1,1-0,0.0,0.29,0.42
1-0,1-0,0.0,0.1,0.9
1-0,0-1,0.0,0.74,0.2
1-0,1-0,0.0,0.15,0.84
1/2-1/2,0-1,0.0,0.54,0.35
1-0,0-1,0.0,0.73,0.27
1/2-1/2,0-1,0.0,0.48,0.48
1-0,1-0,0.0,0.31,0.69
1-0,1-0,0.0,0.43,0.56
0-1,0-1,0.0,0.55,0.42
1-0,1-0,0.0,0.32,0.68
0-1,0-1,0.0,0.72,0.28
0-1,0-1,0.0,0.57,0.2
1-0,1-0,0.0,0.42,0.44
0-1,1-0,0.0,0.46,0.52
1-0,0-1,0.0,0.53,0.47
0-1,0-1,0.0,0.55,0.37
0-1,0-1,0.0,0.52,0.43
1-0,0-1,0.0,0.43666666666666665,0.42333333333333334
1-0,1-0,0.0,0.37,0.62
0-1,1-0,0.0,0.27,0.46
0-1,0-1,0.0,0.59,0.36
1-0,1-0,0.0,0.31,0.67
1-0,1-0,0.0,0.28,0.72
1-0,0-1,0.0,0.55,0.44
0-1,1-0,0.0,0.28,0.63
0-1,0-1,0.0,0.52,0.48
0-1,0-1,0.0,0.71,0.29
1-0,1-0,0.0,0.37,0.63
1-0,1-0,0.0,0.14,0.86
0-1,1-0,0.0,0.44,0.46
1-0,1-0,0.0,0.22,0.64
1-0,0-1,0.0,0.71,0.29
1-0,1-0,0.0,0.25,0.68
1-0,0-1,0.0,0.82,0.18
0-1,1-0,0.0,0.45,0.51
0-1,0-1,0.0,0.62,0.38
0-1,0-1,0.0,0.83,0.17
1-0,1-0,0.0,0.24,0.43
0-1,1-0,0.0,0.33,0.67
1/2-1/2,0-1,0.0,0.62,0.38
1-0,0-1,0.0,0.52,0.48
0-1,0-1,0.0,0.65,0.31
0-1,1-0,0.0,0.26,0.74
1-0,1-0,0.0,0.3,0.67
0-1,1-0,0.0,0.31,0.69
1-0,1-0,0.0,0.04,0.96
1-0,0-1,0.0,0.65,0.33
1-0,0-1,0.0,0.61,0.39
1-0,0-1,0.0,0.6,0.38
1-0,1-0,0.0,0.43,0.57
1-0,0-1,0.0,0.46,0.34
1-0,1-0,0.0,0.41,0.59
1-0,1-0,0.0,0.18,0.82
1-0,1-0,0.0,0.37,0.63
0-1,1-0,0.0,0.41,0.59
0-1,1-0,0.0,0.46,0.54
0-1,1-0,0.0,0.4,0.48
1-0,1-0,0.0,0.41,0.59
0-1,1/2-1/2,0.0,0.3,0.23
0-1,1-0,0.0,0.3,0.7
0-1,1-0,0.0,0.14,0.82
0-1,1-0,0.0,0.31,0.61
1-0,0-1,0.0,0.49,0.48
0-1,0-1,0.0,0.79,0.21
0-1,1-0,0.0,0.37,0.63
1-0,0-1,0.0,0.6,0.39
1-0,0-1,0.0,0.72,0.25
0-1,0-1,0.0,0.74,0.25
0-1,1-0,0.0,0.48,0.52
1-0,0-1,0.0,0.58,0.42
0-1,0-1,0.0,0.35,0.35
1/2-1/2,1-0,0.0,0.19,0.81
1-0,0-1,0.0,0.64,0.36
0-1,1-0,0.0,0.11,0.89
1/2-1/2,0-1,0.0,0.56,0.35
0-1,0-1,0.0,0.57,0.43
0-1,0-1,0.0,0.81,0.19
1-0,1-0,0.0,0.33,0.67
1-0,1-0,0.0,0.38,0.62
1-0,1-0,0.0,0.21,0.63
0-1,0-1,0.0,0.75,0.24
0-1,1-0,0.0,0.37,0.62
1-0,0-1,0.0,0.52,0.48
0-1,1-0,0.0,0.41,0.56
0-1,1-0,0.0,0.34,0.59
0-1,1-0,0.0,0.31,0.65
0-1,0-1,0.0,0.76,0.24
0-1,1-0,0.0,0.31,0.69
0-1,1-0,0.0,0.46,0.53
0-1,0-1,0.0,0.65,0.35
0-1,0-1,0.0,0.47,0.41
1-0,1-0,0.0,0.31,0.69
0-1,1-0,0.0,0.39,0.43
1-0,0-1,0.0,0.57,0.42
1-0,0-1,0.0,0.58,0.35
1-0,0-1,0.0,0.59,0.4
0-1,0-1,0.0,0.53,0.42
1/2-1/2,1-0,0.0,0.33,0.38
1-0,1-0,0.0,0.47,0.49
0-1,0-1,0.0,0.5,0.43
0-1,1-0,0.0,0.4,0.57
1-0,0-1,0.0,0.49,0.39
1-0,0-1,0.0,0.79,0.2
1-0,0-1,0.0,0.65,0.35
0-1,1-0,0.0,0.33,0.67
1-0,0-1,0.0,0.51,0.41
1-0,1-0,0.0,0.33,0.65
1/2-1/2,0-1,0.0,0.64,0.35
0-1,1-0,0.0,0.42,0.58
1-0,1-0,0.0,0.42,0.58
1-0,0-1,0.0,0.56,0.41
0-1,1-0,0.0,0.45,0.54
0-1,1/2-1/2,0.0,0.24,0.35
1-0,0-1,0.0,0.51,0.43
0-1,0-1,0.0,0.63,0.35
1-0,1-0,0.0,0.41,0.59
1-0,0-1,0.0,0.59,0.41
0-1,0-1,0.0,0.51,0.49
0-1,1-0,0.0,0.25,0.53
0-1,1-0,0.0,0.41,0.59
1-0,0-1,0.0,0.61,0.39
1-0,0-1,0.0,0.67,0.33
1-0,1-0,0.0,0.46,0.54
0-1,0-1,0.0,0.53,0.42
0-1,0-1,0.0,0.56,0.44
0-1,1-0,0.0,0.29,0.67
1-0,1-0,0.0,0.18,0.81
1-0,0-1,0.0,0.59,0.39
0-1,1-0,0.0,0.23,0.77
0-1,1-0,0.0,0.2,0.74
1-0,1-0,0.0,0.14,0.85
1-0,0-1,0.0,0.45,0.26
1-0,1-0,0.0,0.37,0.61
1-0,0-1,0.0,0.5,0.5
0-1,0-1,0.0,0.64,0.23
0-1,0-1,0.0,0.57,0.34
1-0,0-1,0.0,0.55,0.42
0-1,0-1,0.0,0.5,0.36
0-1,1-0,0.0,0.35,0.63
1-0,0-1,0.0,0.56,0.28
1-0,1-0,0.0,0.43,0.44
1-0,1-0,0.0,0.49,0.51
0-1,1-0,0.0,0.25,0.73
1-0,0-1,0.0,0.88,0.08
1-0,0-1,0.0,0.69,0.31
1-0,1-0,0.0,0.48,0.51
1-0,1-0,0.0,0.21,0.77
0-1,1-0,0.0,0.3,0.7
1-0,1-0,0.0,0.34,0.66
0-1,0-1,0.0,0.65,0.35
0-1,1-0,0.0,0.2,0.8
1-0,0-1,0.0,0.46,0.46
0-1,0-1,0.0,0.78,0.22
0-1,1-0,0.0,0.39,0.51
1-0,0-1,0.01,0.5,0.48
0-1,1-0,0.0,0.44,0.52
0-1,1-0,0.0,0.43,0.57
1-0,1-0,0.0,0.18,0.49
1-0,0-1,0.0,0.68,0.27
0-1,0-1,0.0,0.51,0.47
1-0,0-1,0.0,0.72,0.28
1-0,0-1,0.0,0.61,0.37
0-1,0-1,0.0,0.6,0.4
1/2-1/2,1-0,0.0,0.23,0.77
1-0,1-0,0.0,0.09,0.91
1-0,0-1,0.0,0.61,0.39
0-1,1-0,0.0,0.19,0.8
1/2-1/2,0-1,0.0,0.42,0.37
0-1,1-0,0.0,0.18,0.82
0-1,1-0,0.03,0.32,0.52
1-0,0-1,0.0,0.64,0.36
1-0,0-1,0.0,0.61,0.36
1-0,1-0,0.0,0.43,0.57
0-1,0-1,0.0,0.62,0.38
0-1,0-1,0.0,0.87,0.13
0-1,1/2-1/2,0.0,0.06,0.18
1-0,0-1,0.0,0.79,0.21
1-0,1-0,0.0,0.29,0.7
1/2-1/2,0-1,0.0,0.42,0.23
1-0,0-1,0.0,0.52,0.48
0-1,1-0,0.0,0.29,0.71
1-0,1-0,0.0,0.25,0.74
0-1,1-0,0.0,0.4,0.59
1-0,0-1,0.0,0.73,0.27
1-0,0-1,0.0,0.71,0.28
1-0,1-0,0.0,0.41,0.59
1-0,1-0,0.0,0.33,0.64
1-0,1-0,0.0,0.41,0.46
1-0,1-0,0.0,0.01,0.98
1-0,1-0,0.0,0.31,0.69
0-1,1-0,0.0,0.2,0.8
1-0,0-1,0.0,0.53,0.44
1-0,1-0,0.0,0.3,0.47
1-0,1-0,0.0,0.47,0.51
0-1,1-0,0.0,0.33,0.64
0-1,1-0,0.0,0.33,0.67
0-1,1-0,0.0,0.39,0.49
0-1,0-1,0.0,0.69,0.31
0-1,0-1,0.0,0.77,0.22
1-0,1-0,0.0,0.28,0.68
1-0,0-1,0.0,0.72,0.27
1-0,1-0,0.0,0.24,0.51
0-1,0-1,0.0,0.54,0.46
0-1,0-1,0.0,0.67,0.33
1-0,1-0,0.0,0.25,0.67
0-1,1/2-1/2,0.0,0.24,0.31
0-1,1-0,0.0,0.43,0.56
1-0,0-1,0.0,0.8,0.2
1-0,1-0,0.0,0.42,0.58
0-1,1-0,0.0,0.06,0.94
1-0,0-1,0.0,0.5,0.37
1-0,1-0,0.0,0.49,0.5
1-0,0-1,0.0,0.71,0.21
0-1,0-1,0.0,0.51,0.49
0-1,1-0,0.0,0.27,0.64
1-0,0-1,0.0,0.52,0.48
1-0,1-0,0.0,0.4,0.55
1-0,0-1,0.0,0.6,0.4
1/2-1/2,1-0,0.0,0.31,0.49
0-1,0-1,0.0,0.6,0.4
1/2-1/2,0-1,0.0,0.54,0.31
0-1,1-0,0.0,0.4,0.58
1-0,0-1,0.0,0.58,0.4
1-0,0-1,0.0,0.76,0.24
1/2-1/2,0-1,0.0,0.54,0.17
0-1,1-0,0.0,0.2,0.8
1-0,1-0,0.0,0.43,0.57
1-0,0-1,0.0,0.8,0.2
1-0,0-1,0.0,0.57,0.42
1-0,1-0,0.0,0.39,0.4
0-1,1-0,0.0,0.24,0.76
0-1,0-1,0.0,0.84,0.05
1/2-1/2,1-0,0.0,0.37,0.59
1-0,1-0,0.0,0.4,0.58
0-1,1-0,0.0,0.38,0.62
1-0,0-1,0.0,0.71,0.29
0-1,0-1,0.0,0.6,0.4
0-1,1-0,0.0,0.35,0.64
0-1,1-0,0.0,0.49,0.51
1/2-1/2,1-0,0.0,0.17,0.79
1-0,1-0,0.0,0.44,0.56
1-0,0-1,0.0,0.59,0.41
0-1,0-1,0.0,0.54,0.46
0-1,0-1,0.0,0.65,0.35
0-1,0-1,0.0,0.53,0.46
1-0,1/2-1/2,0.0,0.25,0.18
1-0,1-0,0.0,0.36,0.63
1-0,0-1,0.0,0.43,0.35
0-1,0-1,0.0,0.61,0.39
1-0,0-1,0.0,0.69,0.31
0-1,1-0,0.0,0.41,0.59
1-0,1-0,0.0,0.42,0.53
0-1,1-0,0.0,0.12,0.87
1-0,1-0,0.0,0.03,0.97
1-0,1-0,0.0,0.28,0.72
1-0,1-0,0.0,0.32,0.63
1-0,1-0,0.0,0.15,0.82
1-0,1-0,0.0,0.33,0.65
1-0,0-1,0.0,0.69,0.31
0-1,0-1,0.0,0.55,0.44
1-0,0-1,0.0,0.87,0.13
1-0,1-0,0.0,0.14,0.86
1-0,0-1,0.0,0.66,0.32
0-1,1-0,0.0,0.31,0.69
1-0,1/2-1/2,0.0,0.29,0.18
0-1,1-0,0.0,0.36,0.64
1-0,1-0,0.0,0.35,0.65
1-0,0-1,0.0,0.62,0.37
1-0,1-0,0.0,0.25,0.75
0-1,1-0,0.0,0.44,0.56
1-0,1-0,0.0,0.33,0.67
0-1,0-1,0.0,0.54,0.46
0-1,0-1,0.0,0.38,0.3
0-1,1-0,0.0,0.27,0.43
0-1,0-1,0.0,0.59,0.41
1-0,0-1,0.0,0.66,0.33
1-0,0-1,0.0,0.6,0.4
0-1,1-0,0.0,0.2866666666666667,0.7033333333333335
1-0,1-0,0.0,0.39,0.52
0-1,0-1,0.0,0.59,0.4
1/2-1/2,0-1,0.0,0.54,0.44
1-0,0-1,0.0,0.69,0.27
0-1,1-0,0.0,0.42,0.58
0-1,1-0,0.0,0.34,0.66
1-0,1-0,0.0,0.41,0.59
0-1,0-1,0.0,0.56,0.41
0-1,0-1,0.0,0.7,0.3
1-0,0-1,0.0,0.54,0.46
0-1,1-0,0.0,0.47,0.52
0-1,1-0,0.0,0.35,0.63
0-1,0-1,0.0,0.5,0.44
0-1,1-0,0.0,0.4,0.6
0-1,0-1,0.0,0.39,0.31
1-0,0-1,0.0,0.52,0.48
0-1,1-0,0.0,0.47,0.53
1-0,0-1,0.0,0.64,0.36
0-1,0-1,0.0,0.48,0.21
0-1,0-1,0.0,0.58,0.42
1-0,1-0,0.0,0.26,0.74
1-0,0-1,0.0,0.57,0.43
0-1,1-0,0.0,0.32,0.67
1-0,0-1,0.0,0.8,0.2
0-1,0-1,0.0,0.54,0.42
1-0,1-0,0.0,0.24,0.76
1-0,1-0,0.0,0.33,0.64
1-0,1-0,0.0,0.28,0.72
1-0,1-0,0.0,0.34,0.55
0-1,0-1,0.0,0.73,0.27
1-0,0-1,0.0,0.48,0.28
1-0,1-0,0.0,0.23,0.77
1-0,1-0,0.0,0.39,0.61
1-0,1/2-1/2,0.0,0.26,0.33
0-1,1-0,0.0,0.41,0.58
0-1,1-0,0.0,0.49,0.51
1-0,1-0,0.0,0.29,0.7
1/2-1/2,0-1,0.0,0.54,0.46
1-0,0-1,0.0,0.57,0.31
0-1,0-1,0.0,0.6233333333333333,0.36666666666666664
1-0,0-1,0.0,0.55,0.45
1-0,1-0,0.0,0.27,0.72
0-1,1-0,0.0,0.29,0.71
0-1,1-0,0.0,0.47,0.53
1-0,0-1,0.0,0.43,0.4
1-0,1-0,0.0,0.16,0.84
1-0,0-1,0.0,0.55,0.39
1-0,0-1,0.0,0.76,0.23
0-1,1-0,0.0,0.35,0.65
1-0,0-1,0.0,0.51,0.45
1-0,0-1,0.0,0.72,0.28
0-1,0-1,0.0,0.64,0.29
0-1,0-1,0.0,0.73,0.24
0-1,0-1,0.0,0.52,0.48
0-1,0-1,0.0,0.65,0.35
0-1,1-0,0.0,0.44,0.56
1-0,1-0,0.0,0.18,0.81
1-0,1-0,0.0,0.45,0.53
1-0,0-1,0.0,0.67,0.24
1/2-1/2,0-1,0.0,0.57,0.36
0-1,0-1,0.0,0.48,0.43
1-0,0-1,0.0,0.74,0.25
1-0,1-0,0.0,0.17,0.79
1-0,1-0,0.0,0.29,0.71
1/2-1/2,0-1,0.0,0.56,0.41
1-0,1-0,0.0,0.16,0.82
1-0,1-0,0.0,0.36,0.64
1-0,0-1,0.0,0.5,0.47
1/2-1/2,0-1,0.0,0.5,0.31
1-0,1-0,0.0,0.26,0.74
1-0,1-0,0.0,0.23,0.77
1-0,1/2-1/2,0.0,0.25,0.14
1-0,1-0,0.0,0.32,0.68
0-1,1-0,0.0,0.31,0.35
0-1,1/2-1/2,0.0,0.19,0.4
0-1,0-1,0.0,0.6,0.37
1-0,0-1,0.0,0.57,0.43
1-0,0-1,0.0,0.59,0.4
0-1,1-0,0.0,0.44,0.54
0-1,0-1,0.0,0.7,0.26
0-1,1-0,0.0,0.45,0.55
0-1,1/2-1/2,0.0,0.3,0.04
1-0,1-0,0.0,0.18,0.82
0-1,1-0,0.0,0.25,0.48
1-0,1-0,0.0,0.48,0.51
0-1,1-0,0.0,0.45,0.55
1-0,1-0,0.0,0.33,0.6
1-0,1-0,0.0,0.37,0.55
1-0,1-0,0.0,0.27,0.71
0-1,0-1,0.0,0.52,0.45
1-0,1-0,0.0,0.38,0.61
1-0,1-0,0.0,0.26,0.73
1-0,0-1,0.0,0.65,0.34
0-1,1-0,0.0,0.27,0.73
1-0,1-0,0.0,0.28,0.72
0-1,0-1,0.0,0.57,0.42
0-1,1-0,0.0,0.11,0.81
0-1,1-0,0.0,0.08,0.92
0-1,0-1,0.0,0.51,0.49
1-0,1-0,0.0,0.23,0.77
0-1,0-1,0.0,0.61,0.39
1-0,1-0,0.0,0.49,0.51
1-0,0-1,0.0,0.52,0.17
0-1,1-0,0.0,0.19,0.77
0-1,1-0,0.0,0.3,0.69
1-0,1-0,0.0,0.42,0.58
0-1,0-1,0.0,0.51,0.46
1-0,0-1,0.0,0.58,0.42
1-0,1-0,0.0,0.41,0.54
0-1,0-1,0.0,0.53,0.47
0-1,1-0,0.0,0.34,0.55
0-1,0-1,0.0,0.65,0.3
0-1,1-0,0.0,0.31,0.68
0-1,1-0,0.0,0.31,0.63
0-1,1-0,0.0,0.31,0.46
0-1,0-1,0.0,0.43,0.39
0-1,0-1,0.0,0.64,0.35
1/2-1/2,1-0,0.0,0.3,0.69
1-0,0-1,0.0,0.56,0.41
1/2-1/2,0-1,0.0,0.5,0.37
0-1,0-1,0.0,0.77,0.23
0-1,0-1,0.0,0.58,0.38
0-1,0-1,0.0,0.75,0.2
0-1,0-1,0.0,0.51,0.47
0-1,1-0,0.0,0.08,0.84
1-0,1-0,0.0,0.28,0.72
0-1,1/2-1/2,0.0,0.07,0.37
1-0,0-1,0.0,0.66,0.34
1-0,1-0,0.0,0.34,0.66
1/2-1/2,0-1,0.0,0.59,0.39
0-1,1-0,0.0,0.46,0.54
1-0,0-1,0.0,0.74,0.26
0-1,1-0,0.0,0.36,0.64
1-0,1-0,0.0,0.15,0.84
0-1,0-1,0.0,0.52,0.48
1-0,1-0,0.0,0.29,0.69
1-0,0-1,0.0,0.6,0.4
0-1,1-0,0.0,0.35,0.47
1-0,0-1,0.0,0.51,0.43
1-0,0-1,0.0,0.64,0.31
1-0,1-0,0.0,0.42,0.58
0-1,0-1,0.0,0.62,0.3
1-0,1-0,0.0,0.25,0.68
1-0,1-0,0.0,0.41,0.59
1-0,0-1,0.0,0.54,0.44
0-1,1-0,0.0,0.36,0.64
1-0,0-1,0.0,0.76,0.23
0-1,0-1,0.0,0.65,0.28
0-1,1-0,0.0,0.38,0.6
1-0,0-1,0.0,0.5,0.27
0-1,1-0,0.0,0.16,0.82
1-0,0-1,0.0,0.67,0.3
1/2-1/2,1/2-1/2,0.0,0.27,0.12
1-0,1-0,0.0,0.13,0.87
1-0,0-1,0.0,0.9,0.1
1-0,1-0,0.0,0.29,0.71
0-1,1-0,0.0,0.36,0.64
0-1,1-0,0.0,0.23,0.5
1-0,0-1,0.0,0.52,0.45
0-1,0-1,0.0,0.96,0.04
1/2-1/2,1/2-1/2,0.0,0.35,0.22
0-1,0-1,0.0,0.76,0.19
0-1,1-0,0.0,0.49,0.51
0-1,1-0,0.0,0.22,0.78
1-0,1-0,0.0,0.39,0.61
1-0,1-0,0.0,0.17,0.51
1/2-1/2,1/2-1/2,0.0,0.31,0.29
0-1,0-1,0.0,0.63,0.37
0-1,1-0,0.0,0.26,0.65
0-1,0-1,0.0,0.58,0.42
1-0,1-0,0.0,0.26,0.74
1-0,1-0,0.0,0.16,0.84
1-0,1-0,0.0,0.36,0.53
1-0,0-1,0.0,0.47,0.46
0-1,1-0,0.0,0.28,0.71
0-1,1-0,0.0,0.41,0.59
0-1,1-0,0.0,0.36,0.59
0-1,1-0,0.0,0.3,0.68
1-0,1-0,0.0,0.31,0.69
1-0,1-0,0.0,0.15,0.73
0-1,0-1,0.0,0.52,0.34
0-1,0-1,0.0,0.71,0.29
1-0,1-0,0.0,0.36,0.64
1-0,0-1,0.0,0.56,0.44
1-0,1-0,0.0,0.27,0.71
1-0,1/2-1/2,0.0,0.03,0.4
1-0,0-1,0.0,0.51,0.48
0-1,0-1,0.0,0.68,0.26
0-1,1-0,0.0,0.18,0.82
0-1,0-1,0.0,0.81,0.19
0-1,1-0,0.0,0.47,0.53
0-1,1-0,0.0,0.35,0.65
0-1,0-1,0.0,0.55,0.45
0-1,0-1,0.0,0.57,0.39
0-1,1-0,0.0,0.44,0.54
0-1,0-1,0.0,0.5,0.5
0-1,0-1,0.0,0.59,0.41
1-0,0-1,0.0,0.53,0.47
1-0,1-0,0.0,0.44,0.54
0-1,1-0,0.0,0.32,0.68
0-1,1-0,0.0,0.34,0.66
1-0,1-0,0.0,0.22,0.78
1-0,1-0,0.0,0.36,0.63
1-0,1-0,0.0,0.47,0.53
0-1,0-1,0.0,0.56,0.39
1-0,0-1,0.0,0.51,0.42
1-0,1-0,0.01,0.35,0.64
0-1,0-1,0.0,0.47,0.38
0-1,1-0,0.0,0.32,0.68
1-0,0-1,0.0,0.51,0.49
1-0,0-1,0.0,0.71,0.29
1-0,0-1,0.0,0.66,0.33
0-1,0-1,0.0,0.53,0.47
1-0,0-1,0.0,0.64,0.35
0-1,0-1,0.0,0.71,0.25
0-1,1-0,0.0,0.45,0.55
1-0,0-1,0.0,0.5125,0.2575
1-0,1-0,0.0,0.37,0.62
0-1,1-0,0.0,0.09,0.91
1/2-1/2,0-1,0.0,0.51,0.25
1-0,1-0,0.0,0.29,0.71
1-0,1-0,0.0,0.29,0.7
0-1,0-1,0.0,0.7,0.3
0-1,0-1,0.0,0.76,0.23
1-0,1-0,0.0,0.39,0.59
1-0,0-1,0.0,0.49,0.48
1-0,0-1,0.0,0.82,0.18
0-1,1-0,0.0,0.46,0.54
1-0,1-0,0.0,0.37,0.61
1-0,0-1,0.0,0.66,0.33
1-0,1-0,0.0,0.17,0.79
0-1,0-1,0.0,0.64,0.19
1-0,0-1,0.0,0.53,0.47
0-1,0-1,0.0,0.59,0.4
1/2-1/2,0-1,0.0,0.56,0.44
0-1,1-0,0.0,0.34,0.63
0-1,1-0,0.0,0.16,0.82
0-1,1-0,0.0,0.26,0.56
1-0,1-0,0.0,0.47,0.53
1-0,1-0,0.0,0.47,0.48
1-0,1-0,0.0,0.43,0.56
1-0,0-1,0.0,0.62,0.34
0-1,0-1,0.0,0.86,0.14
1-0,0-1,0.0,0.55,0.45
0-1,0-1,0.0,0.55,0.45
1-0,0-1,0.0,0.47,0.31
1-0,1-0,0.0,0.3,0.63
0-1,0-1,0.0,0.58,0.11
0-1,0-1,0.0,0.85,0.15
1-0,1-0,0.0,0.43,0.57
1-0,1-0,0.0,0.37,0.63
0-1,1-0,0.0,0.28,0.72
1-0,0-1,0.0,0.57,0.39
1-0,1-0,0.0,0.45,0.55
1-0,0-1,0.0,0.65,0.33
0-1,0-1,0.0,0.73,0.11
1-0,0-1,0.0,0.57,0.43
1-0,0-1,0.0,0.68,0.32
1-0,1-0,0.0,0.44,0.52
1-0,1-0,0.0,0.38,0.61
1/2-1/2,1-0,0.0,0.18,0.72
1-0,1-0,0.0,0.23,0.76
0-1,0-1,0.0,0.72,0.28
0-1,1-0,0.0,0.44,0.48
1-0,0-1,0.0,0.75,0.1
1-0,0-1,0.0,0.5,0.5
1-0,1-0,0.0,0.28,0.46
0-1,0-1,0.0,0.75,0.25
1-0,1-0,0.0,0.18,0.81
1-0,1-0,0.0,0.27,0.69
1-0,1-0,0.0,0.47,0.53
1-0,1-0,0.0,0.46,0.54
1-0,0-1,0.0,0.39,0.27
1-0,0-1,0.0,0.58,0.42
1-0,0-1,0.0,0.57,0.38
1-0,0-1,0.0,0.52,0.48
0-1,0-1,0.0,0.53,0.47
0-1,0-1,0.0,0.63,0.32
1/2-1/2,1-0,0.0,0.35,0.46
1-0,0-1,0.0,0.75,0.25
0-1,0-1,0.0,0.65,0.17
1-0,0-1,0.0,0.62,0.37
0-1,1-0,0.0,0.19,0.76
1-0,0-1,0.0,0.44,0.31
0-1,1-0,0.0,0.29,0.46
1-0,1-0,0.0,0.16,0.8
1-0,0-1,0.0,0.57,0.43
1-0,0-1,0.0,0.59,0.29
0-1,1-0,0.0,0.24,0.43
1-0,1-0,0.0,0.28,0.57
1-0,0-1,0.0,0.56,0.35
0-1,0-1,0.0,0.61,0.38
1-0,1-0,0.0,0.19,0.59
0-1,0-1,0.0,0.81,0.15
1-0,0-1,0.0,0.52,0.48
0-1,0-1,0.0,0.5,0.5
1-0,1-0,0.0,0.2,0.8
0-1,1-0,0.0,0.35,0.65
0-1,1-0,0.0,0.34,0.61
0-1,0-1,0.0,0.54,0.42
0-1,0-1,0.0,0.53,0.47
1-0,0-1,0.0,0.8,0.2
1-0,1-0,0.0,0.13,0.86
1-0,0-1,0.0,0.63,0.36
0-1,1-0,0.0,0.21,0.75
0-1,0-1,0.0,0.84,0.02
1/2-1/2,0-1,0.0,0.7716666666666666,0.20833333333333331
0-1,1-0,0.0,0.43,0.54
0-1,1-0,0.0,0.34,0.66
0-1,0-1,0.0,0.75,0.25
0-1,0-1,0.0,0.59,0.41
1-0,1-0,0.0,0.36,0.56
0-1,0-1,0.0,0.75,0.23
0-1,1-0,0.0,0.12,0.8
1-0,0-1,0.0,0.46,0.28
1/2-1/2,0-1,0.0,0.69,0.31
0-1,0-1,0.0,0.69,0.28
0-1,0-1,0.0,0.79,0.19
0-1,1-0,0.0,0.26,0.74
0-1,0-1,0.0,0.89,0.09
0-1,1-0,0.0,0.33,0.49
0-1,1-0,0.0,0.28,0.72
1-0,1-0,0.0,0.32,0.67
1-0,1-0,0.0,0.45,0.55
1-0,0-1,0.0,0.5,0.5
0-1,0-1,0.0,0.67,0.33
1-0,0-1,0.0,0.64,0.36
1-0,1/2-1/2,0.0,0.37,0.23
1-0,1-0,0.0,0.22,0.63
0-1,0-1,0.0,0.84,0.12
0-1,0-1,0.01,0.63,0.29
0-1,1-0,0.0,0.48,0.51
1-0,0-1,0.0,0.65,0.27
1-0,0-1,0.0,0.52,0.47
1-0,0-1,0.0,0.5,0.5
1-0,1-0,0.0,0.49,0.51
1-0,0-1,0.0,0.51,0.49
1-0,0-1,0.0,0.5,0.5
1-0,1-0,0.0,0.38,0.62
0-1,1-0,0.0,0.24,0.76
1-0,1-0,0.0,0.45,0.55
1-0,0-1,0.0,0.59,0.41
0-1,1-0,0.0,0.33,0.67
1-0,1-0,0.0,0.43,0.57
1-0,1-0,0.0,0.09,0.83
1-0,0-1,0.0,0.61,0.27
0-1,1-0,0.0,0.46,0.53
1-0,1-0,0.0,0.48,0.51
1-0,1-0,0.0,0.38,0.6
1-0,0-1,0.0,0.88,0.11
0-1,0-1,0.0,0.52,0.48
0-1,0-1,0.0,0.75,0.19
0-1,0-1,0.0,0.75,0.25
1-0,1-0,0.0,0.21,0.76
0-1,1-0,0.0,0.24,0.49
1-0,1-0,0.0,0.29666666666666663,0.6533333333333333
1/2-1/2,1-0,0.0,0.38,0.52
0-1,0-1,0.0,0.67,0.31
0-1,0-1,0.0,0.79,0.21
0-1,0-1,0.0,0.78,0.22
0-1,1-0,0.0,0.44,0.52
0-1,0-1,0.0,0.78,0.16
1-0,1-0,0.0,0.42,0.53
1-0,1-0,0.0,0.32,0.65
0-1,1-0,0.0,0.27,0.72
1/2-1/2,1-0,0.0,0.36,0.61
1-0,1-0,0.0,0.27,0.68
0-1,1-0,0.0,0.25,0.75
1-0,1-0,0.0,0.34,0.66
1-0,1-0,0.0,0.49,0.51
1-0,1-0,0.0,0.25,0.47
0-1,1-0,0.0,0.48,0.51
0-1,1-0,0.0,0.44,0.56
0-1,0-1,0.0,0.52,0.48
1-0,0-1,0.0,0.55,0.45
1-0,1-0,0.0,0.13,0.82
1/2-1/2,0-1,0.0,0.49,0.22
1-0,0-1,0.0,0.59,0.41
0-1,1-0,0.0,0.41,0.59
0-1,0-1,0.0,0.61,0.39
0-1,0-1,0.0,0.5,0.36
0-1,0-1,0.0,0.71,0.27
1-0,1-0,0.0,0.15,0.85
1-0,0-1,0.0,0.58,0.39
1-0,1-0,0.0,0.47,0.52
1-0,0-1,0.0,0.62,0.38
0-1,1-0,0.0,0.15,0.85
1-0,1-0,0.0,0.1,0.9
1-0,1-0,0.0,0.38,0.61
1-0,1-0,0.0,0.33,0.63
0-1,0-1,0.0,0.53,0.46
1-0,0-1,0.0,0.51,0.49
0-1,1-0,0.0,0.36,0.62
0-1,0-1,0.0,0.56,0.44
1-0,0-1,0.0,0.56,0.44
1/2-1/2,1-0,0.0,0.49,0.5
0-1,1-0,0.0,0.42,0.47
1-0,1-0,0.0,0.28,0.72
0-1,0-1,0.0,0.62,0.37
1-0,0-1,0.0,0.53,0.47
0-1,0-1,0.0,0.46,0.46
0-1,0-1,0.0,0.52,0.48
1-0,1-0,0.0,0.26,0.59
1-0,1-0,0.0,0.28,0.67
1-0,1-0,0.0,0.375,0.485
1-0,0-1,0.0,0.54,0.46
1-0,1-0,0.0,0.13,0.86
1-0,1-0,0.0,0.36,0.57
1-0,0-1,0.0,0.51,0.49
1-0,1-0,0.0,0.41,0.58
0-1,1-0,0.0,0.32,0.67
0-1,1-0,0.0,0.42,0.55
0-1,0-1,0.0,0.63,0.37
0-1,0-1,0.0,0.71,0.29
1-0,1-0,0.0,0.45,0.54
0-1,0-1,0.0,0.56,0.44
0-1,0-1,0.0,0.52,0.48
1-0,0-1,0.0,0.57,0.39
0-1,0-1,0.0,0.8,0.19
0-1,1-0,0.0,0.27,0.55
1-0,1-0,0.0,0.23,0.71
1-0,0-1,0.0,0.65,0.35
1-0,0-1,0.0,0.62,0.37
0-1,0-1,0.0,0.67,0.33
1-0,0-1,0.0,0.59,0.41
1-0,1-0,0.0,0.41,0.59
0-1,0-1,0.0,0.56,0.44
1-0,1-0,0.0,0.45,0.55
1-0,0-1,0.0,0.55,0.4
0-1,0-1,0.0,0.83,0.16
0-1,1-0,0.0,0.23,0.67
0-1,0-1,0.0,0.72,0.28
1-0,0-1,0.0,0.7,0.3
1-0,0-1,0.0,0.64,0.36
0-1,1/2-1/2,0.0,0.45,0.07
0-1,0-1,0.0,0.56,0.42
0-1,1-0,0.0,0.38,0.62
1/2-1/2,0-1,0.0,0.84,0.09
0-1,1-0,0.0,0.2,0.73
0-1,1-0,0.0,0.23,0.76
0-1,1-0,0.0,0.4,0.58
1-0,1-0,0.0,0.24,0.72
0-1,1-0,0.0,0.29,0.71
0-1,0-1,0.0,0.71,0.28
1/2-1/2,1-0,0.0,0.3,0.48
1-0,0-1,0.0,0.55,0.45
0-1,1-0,0.0,0.25,0.75
1-0,0-1,0.0,0.74,0.23
0-1,1-0,0.0,0.16,0.83
1-0,0-1,0.0,0.55,0.37
0-1,0-1,0.0,0.74,0.26
0-1,0-1,0.0,0.51,0.4
1/2-1/2,1-0,0.0,0.24,0.58
0-1,0-1,0.0,0.49,0.44
1-0,1-0,0.0,0.37,0.48
1-0,1-0,0.0,0.22,0.45
0-1,1-0,0.0,0.4,0.42
1/2-1/2,0-1,0.0,0.44,0.4
1-0,1-0,0.0,0.27,0.64
0-1,1-0,0.0,0.35,0.55
1-0,0-1,0.0,0.52,0.48
1-0,1-0,0.0,0.27,0.73
1-0,0-1,0.0,0.78,0.2
1-0,0-1,0.0,0.64,0.34
1-0,0-1,0.0,0.53,0.43
1-0,0-1,0.0,0.68,0.32
1-0,1-0,0.0,0.26,0.74
0-1,0-1,0.0,0.53,0.47
0-1,0-1,0.0,0.57,0.42
0-1,1-0,0.0,0.44,0.56
1/2-1/2,0-1,0.0,0.67,0.27
1-0,1-0,0.0,0.3,0.6
0-1,0-1,0.0,0.73,0.22
0-1,1-0,0.0,0.49,0.51
0-1,1-0,0.0,0.42,0.58
1-0,1-0,0.0,0.28,0.72
0-1,1-0,0.0,0.46,0.53
0-1,0-1,0.0,0.51,0.49
1-0,0-1,0.0,0.47,0.42
0-1,1-0,0.0,0.32,0.64
0-1,1-0,0.0,0.45,0.55
1/2-1/2,0-1,0.0,0.7,0.3
1-0,1/2-1/2,0.0,0.4,0.08
0-1,0-1,0.0,0.62,0.38
0-1,0-1,0.0,0.66,0.33
1-0,1-0,0.0,0.15,0.67
1-0,1-0,0.0,0.26,0.73
1-0,1-0,0.0,0.11,0.89
1-0,1-0,0.0,0.37,0.63
1-0,0-1,0.0,0.52,0.45
1-0,1-0,0.0,0.47,0.52
0-1,1-0,0.0,0.4,0.6
0-1,0-1,0.0,0.61,0.39
1-0,0-1,0.0,0.63,0.37
1/2-1/2,1-0,0.0,0.45,0.52
1-0,1-0,0.0,0.26,0.74
0-1,0-1,0.0,0.69,0.2
1-0,0-1,0.0,0.57,0.42
0-1,0-1,0.0,0.61,0.36
1-0,1-0,0.0,0.29,0.54
1-0,0-1,0.0,0.55,0.22
0-1,1-0,0.0,0.27,0.73
0-1,1-0,0.0,0.33,0.67
1-0,0-1,0.0,0.67,0.33
0-1,1-0,0.0,0.39,0.56
0-1,1-0,0.0,0.49,0.51
1/2-1/2,1-0,0.0,0.31,0.63
0-1,1-0,0.0,0.38,0.62
1-0,1-0,0.0,0.18,0.82
1-0,0-1,0.0,0.48,0.14
0-1,1-0,0.0,0.37,0.63
1/2-1/2,1-0,0.0,0.36,0.4
1-0,1-0,0.0,0.29,0.71
0-1,1-0,0.0,0.23,0.76
0-1,1-0,0.0,0.21,0.76
0-1,1-0,0.0,0.42,0.48
0-1,1/2-1/2,0.0,0.13,0.32
0-1,1-0,0.0,0.4,0.47
0-1,0-1,0.0,0.54,0.46
0-1,0-1,0.0,0.59,0.4
1-0,0-1,0.0,0.7,0.28
0-1,0-1,0.0,0.63,0.37
0-1,0-1,0.0,0.5,0.49
0-1,0-1,0.0,0.5333333333333333,0.4666666666666666
0-1,0-1,0.0,0.54,0.46
0-1,1-0,0.0,0.15,0.59
1-0,1-0,0.0,0.28,0.72
0-1,1-0,0.0,0.19,0.8
0-1,0-1,0.0,0.76,0.22
0-1,0-1,0.0,0.64,0.32
0-1,1-0,0.0,0.4,0.59
1-0,1-0,0.0,0.35,0.65
0-1,0-1,0.0,0.77,0.23
0-1,0-1,0.0,0.61,0.39
0-1,1-0,0.0,0.47,0.51
1-0,1-0,0.0,0.37,0.62
1/2-1/2,1-0,0.0,0.34,0.46
1-0,1-0,0.0,0.27,0.73
0-1,1-0,0.0,0.31,0.62
1-0,0-1,0.0,0.78,0.22
1-0,1-0,0.0,0.32,0.68
1-0,1-0,0.0,0.18,0.81
1-0,0-1,0.0,0.6,0.4
0-1,1-0,0.0,0.46,0.53
1/2-1/2,0-1,0.0,0.61,0.24
0-1,0-1,0.02,0.78,0.18
0-1,0-1,0.0,0.65,0.35
1-0,1-0,0.0,0.17,0.83
1/2-1/2,0-1,0.0,0.43916666666666665,0.4008333333333334
1-0,1-0,0.0,0.21,0.79
0-1,1-0,0.0,0.19,0.8
1-0,1-0,0.0,0.41,0.55
1-0,0-1,0.0,0.49,0.32
0-1,0-1,0.0,0.7,0.25
1-0,1-0,0.0,0.08,0.91
0-1,0-1,0.0,0.55,0.13
1-0,1-0,0.0,0.21,0.79
0-1,0-1,0.0,0.5,0.5
1-0,1-0,0.0,0.39,0.61
0-1,0-1,0.0,0.4491666666666667,0.4308333333333333
1/2-1/2,1/2-1/2,0.0,0.29,0.23
0-1,0-1,0.0,0.53,0.47
0-1,1-0,0.0,0.38,0.62
1-0,1-0,0.0,0.39,0.53
1-0,0-1,0.0,0.47,0.36
0-1,0-1,0.0,0.96,0.04
1-0,0-1,0.0,0.75,0.24
0-1,1-0,0.0,0.32,0.67
1-0,0-1,0.0,0.48,0.48
1-0,0-1,0.0,0.44,0.33
1-0,0-1,0.0,0.66,0.32
0-1,0-1,0.0,0.64,0.33
1-0,1-0,0.0,0.28,0.72
1-0,1-0,0.0,0.3,0.7
1-0,0-1,0.0,0.61,0.38
0-1,0-1,0.0,0.88,0.09
1-0,1-0,0.0,0.23,0.77
1-0,0-1,0.0,0.65,0.32
1/2-1/2,0-1,0.0,0.78,0.2
0-1,1-0,0.0,0.38,0.61
0-1,0-1,0.0,0.64,0.36
1-0,0-1,0.0,0.59,0.4
0-1,0-1,0.0,0.61,0.39
0-1,1-0,0.0,0.38,0.54
1-0,1-0,0.0,0.31,0.68
0-1,1-0,0.0,0.37,0.63
0-1,0-1,0.0,0.69,0.31
0-1,0-1,0.0,0.49,0.45
0-1,0-1,0.0,0.68,0.31
1-0,1-0,0.0,0.44,0.53
1-0,0-1,0.0,0.52,0.48
1-0,0-1,0.0,0.73,0.17
1-0,0-1,0.0,0.59,0.35
1-0,0-1,0.0,0.56,0.42
0-1,0-1,0.0,0.53,0.47
1-0,0-1,0.0,0.65,0.22
1-0,0-1,0.0,0.55,0.42
1-0,0-1,0.0,0.77,0.23
0-1,0-1,0.0,0.59,0.41
1-0,1-0,0.0,0.24,0.76
0-1,0-1,0.0,0.89,0.11
1-0,0-1,0.0,0.54,0.42
0-1,1-0,0.0,0.3,0.6
1-0,0-1,0.0,0.53,0.47
1-0,1-0,0.0,0.11,0.89
1-0,0-1,0.0,0.64,0.33
0-1,0-1,0.0,0.75,0.19
1-0,0-1,0.0,0.53,0.45
0-1,0-1,0.0,0.5,0.5
1-0,1-0,0.0,0.29,0.66
0-1,0-1,0.0,0.67,0.33
1-0,1-0,0.0,0.34,0.62
1-0,0-1,0.0,0.5,0.5
1-0,0-1,0.0,0.61,0.39
1-0,1-0,0.0,0.44,0.56
0-1,1-0,0.0,0.36,0.61
0-1,1-0,0.0,0.16,0.84
1-0,0-1,0.0,0.6,0.33
1-0,1-0,0.01,0.29,0.69
1-0,0-1,0.0,0.54,0.39
1-0,1-0,0.0,0.47,0.53
0-1,1-0,0.0,0.22,0.78
1-0,0-1,0.0,0.74,0.26
1-0,1-0,0.0,0.47,0.53
1-0,0-1,0.0,0.44,0.32
0-1,1-0,0.0,0.22,0.78
1-0,0-1,0.0,0.66,0.34
1-0,1-0,0.0,0.4,0.58
0-1,1-0,0.0,0.35,0.65
1-0,0-1,0.0,0.6,0.39
1-0,0-1,0.0,0.59,0.18
0-1,0-1,0.0,0.79,0.21
1-0,1-0,0.0,0.41,0.59
0-1,0-1,0.0,0.52,0.47
0-1,0-1,0.0,0.69,0.31
1-0,1-0,0.0,0.2,0.79
0-1,1-0,0.0,0.23,0.77
1-0,1-0,0.0,0.45,0.55
0-1,1-0,0.0,0.26,0.7
1-0,0-1,0.0,0.54,0.4
1-0,1-0,0.0,0.3,0.7
0-1,1-0,0.0,0.45,0.51
1-0,1-0,0.0,0.48,0.52
0-1,1-0,0.0,0.28,0.54
1-0,1-0,0.0,0.24,0.75
1-0,1-0,0.0,0.24,0.75
0-1,0-1,0.0,0.66,0.33
0-1,0-1,0.0,0.56,0.4
1/2-1/2,1-0,0.0,0.3,0.7
1-0,0-1,0.0,0.51,0.49
0-1,1-0,0.0,0.49,0.5
0-1,0-1,0.0,0.54,0.46
1-0,1-0,0.0,0.29,0.68
1-0,1-0,0.0,0.36,0.62
1-0,0-1,0.0,0.8,0.15
0-1,0-1,0.0,0.58,0.42
1-0,1-0,0.0,0.43,0.54
0-1,0-1,0.0,0.76,0.21
1-0,1-0,0.0,0.45,0.55
0-1,0-1,0.0,0.66,0.34
1-0,1-0,0.0,0.23,0.77
0-1,0-1,0.0,0.56,0.44
0-1,0-1,0.0,0.69,0.28
0-1,0-1,0.0,0.44,0.22
0-1,1-0,0.0,0.46,0.51
1-0,1-0,0.0,0.27,0.73
0-1,0-1,0.0,0.51,0.49
1-0,1-0,0.0,0.28,0.72
0-1,1-0,0.0,0.34,0.66
1-0,1-0,0.0,0.23,0.75
0-1,1-0,0.0,0.45,0.54
0-1,0-1,0.0,0.84,0.16
0-1,1-0,0.0,0.24,0.76
1-0,0-1,0.0,0.54,0.46
0-1,0-1,0.0,0.52,0.48
1-0,1-0,0.0,0.26,0.74
1-0,0-1,0.0,0.53,0.47
1-0,0-1,0.0,0.65,0.35
1-0,0-1,0.0,0.54,0.4
0-1,0-1,0.0,0.66,0.34
1-0,1-0,0.0,0.44,0.56
0-1,1-0,0.0,0.13,0.77
1-0,1-0,0.0,0.46,0.54
1-0,1-0,0.0,0.305,0.585
1-0,0-1,0.0,0.59,0.26
0-1,0-1,0.0,0.63,0.33
1-0,1-0,0.0,0.25,0.74
0-1,0-1,0.0,0.6,0.38
0-1,0-1,0.0,0.59,0.4
1-0,0-1,0.0,0.39,0.32
0-1,1-0,0.0,0.42,0.58
1-0,1-0,0.0,0.45,0.55
1-0,1-0,0.0,0.33,0.66
0-1,0-1,0.0,0.62,0.38
1-0,0-1,0.0,0.53,0.47
0-1,1-0,0.0,0.35,0.64
1-0,1-0,0.0,0.44,0.56
0-1,1-0,0.0,0.36,0.64
1-0,0-1,0.0,0.52,0.46
1-0,0-1,0.0,0.78,0.22
0-1,0-1,0.0,0.7,0.28
0-1,1-0,0.0,0.45,0.52
0-1,0-1,0.0,0.85,0.14
0-1,0-1,0.0,0.66,0.34
1-0,1-0,0.0,0.37,0.61
1-0,0-1,0.0,0.46,0.44
1-0,1-0,0.0,0.13,0.68
0-1,1-0,0.0,0.38,0.62
1-0,1-0,0.0,0.34,0.57
1-0,1-0,0.0,0.43,0.56
0-1,1-0,0.0,0.48,0.52
1-0,1-0,0.0,0.19,0.81
1-0,1-0,0.0,0.495,0.505
0-1,0-1,0.0,0.62,0.37
0-1,1-0,0.0,0.28,0.72
1-0,0-1,0.0,0.74,0.22
1-0,1-0,0.0,0.42,0.54
1-0,1-0,0.0,0.34,0.66
1-0,0-1,0.0,0.52,0.48
0-1,1-0,0.0,0.34,0.65
1-0,0-1,0.0,0.52,0.48
1-0,1-0,0.0,0.4,0.6
0-1,0-1,0.0,0.64,0.33
1-0,0-1,0.0,0.53,0.47
0-1,0-1,0.0,0.86,0.13
0-1,1-0,0.0,0.38,0.62
0-1,1-0,0.0,0.48,0.52
0-1,0-1,0.0,0.45,0.34
1-0,1-0,0.0,0.4,0.58
0-1,0-1,0.0,0.53,0.47
1-0,1-0,0.0,0.19,0.81
0-1,1-0,0.0,0.25,0.75
0-1,0-1,0.0,0.58,0.41
1-0,1-0,0.0,0.3,0.7
1-0,1-0,0.0,0.42,0.57
0-1,0-1,0.0,0.65,0.32
0-1,0-1,0.0,0.69,0.3
1-0,1-0,0.0,0.44,0.56
0-1,1-0,0.0,0.45,0.47
0-1,0-1,0.0,0.53,0.38
1-0,1-0,0.0,0.26,0.56
1/2-1/2,1-0,0.0,0.36,0.62
1-0,1-0,0.0,0.48,0.52
1-0,1-0,0.0,0.1,0.9
1-0,0-1,0.0,0.52,0.46
0-1,0-1,0.0,0.59,0.41
0-1,0-1,0.0,0.51,0.49
1-0,0-1,0.0,0.53,0.47
0-1,0-1,0.0,0.53,0.46
0-1,1-0,0.0,0.26,0.73
0-1,1-0,0.0,0.38,0.61
0-1,0-1,0.0,0.6,0.39
0-1,1-0,0.0,0.31,0.65
1-0,1-0,0.0,0.23,0.77
1-0,1-0,0.0,0.44,0.52
1-0,0-1,0.0,0.75,0.24
0-1,0-1,0.0,0.66,0.33
1-0,1-0,0.0,0.27,0.73
1-0,1-0,0.0,0.34,0.65
1-0,1-0,0.0,0.48,0.52
0-1,1-0,0.0,0.48,0.52
1-0,0-1,0.0,0.65,0.35
1-0,1-0,0.0,0.29,0.7
0-1,0-1,0.0,0.65,0.35
0-1,0-1,0.0,0.8,0.2
0-1,0-1,0.0,0.64,0.32
1-0,0-1,0.0,0.51,0.39
1-0,0-1,0.0,0.51,0.48
1-0,1-0,0.0,0.38,0.54
0-1,0-1,0.0,0.66,0.21
1/2-1/2,1-0,0.0,0.35,0.64
1-0,1-0,0.0,0.27,0.71
1-0,0-1,0.0,0.72,0.28
1-0,1-0,0.0,0.13,0.86
1-0,0-1,0.0,0.5,0.5
0-1,1-0,0.0,0.37,0.63
1-0,0-1,0.0,0.56,0.44
0-1,0-1,0.0,0.58,0.42
1-0,1-0,0.0,0.14,0.75
0-1,1-0,0.0,0.4646666666666667,0.5353333333333333
1-0,1-0,0.0,0.47,0.51
1-0,1-0,0.0,0.36,0.4
0-1,1-0,0.0,0.32,0.61
1-0,0-1,0.0,0.56,0.43
0-1,1-0,0.0,0.4,0.6
0-1,0-1,0.0,0.61,0.39
1-0,0-1,0.0,0.76,0.24
1-0,0-1,0.0,0.54,0.46
0-1,0-1,0.0,0.66,0.33
1-0,1-0,0.0,0.33,0.67
0-1,0-1,0.0,0.54,0.3
0-1,0-1,0.0,0.58,0.34
0-1,1-0,0.0,0.25,0.38
0-1,0-1,0.0,0.57,0.43
1-0,0-1,0.0,0.66,0.33
1-0,0-1,0.0,0.55,0.44
0-1,0-1,0.0,0.71,0.17
1-0,0-1,0.0,0.56,0.15
0-1,1-0,0.0,0.18,0.81
1-0,1-0,0.0,0.34,0.64
0-1,1-0,0.0,0.42,0.58
1-0,1-0,0.0,0.32,0.67
1-0,1-0,0.0,0.41,0.58
1-0,1/2-1/2,0.0,0.32,0.21
1-0,1-0,0.0,0.28,0.63
1-0,0-1,0.0,0.52,0.48
0-1,1-0,0.0,0.19,0.81
1-0,1-0,0.0,0.4,0.53
1-0,1-0,0.0,0.16,0.84
0-1,1-0,0.0,0.39,0.6
1-0,1-0,0.0,0.09,0.85
1-0,0-1,0.0,0.6,0.36
0-1,0-1,0.0,0.64,0.36
1-0,1-0,0.0,0.45,0.54
0-1,0-1,0.0,0.49,0.49
1-0,1-0,0.0,0.39,0.59
0-1,0-1,0.0,0.4,0.23
1-0,1-0,0.0,0.45,0.55
0-1,1-0,0.0,0.45,0.55
0-1,1-0,0.0,0.49,0.51
1-0,1-0,0.0,0.28,0.72
1-0,1-0,0.0,0.27,0.73
0-1,0-1,0.0,0.51,0.49
1-0,0-1,0.0,0.6,0.4
0-1,1-0,0.0,0.36,0.64
1-0,1-0,0.0,0.31,0.69
0-1,1-0,0.0,0.3,0.68
1-0,0-1,0.0,0.61,0.39
1-0,1-0,0.0,0.4,0.58
1-0,1-0,0.0,0.4,0.59
0-1,0-1,0.0,0.66,0.34
0-1,0-1,0.0,0.51,0.49
1-0,0-1,0.0,0.71,0.29
0-1,1-0,0.0,0.23,0.77
0-1,1-0,0.0,0.39,0.59
1-0,1-0,0.0,0.37,0.63
0-1,1-0,0.0,0.24,0.64
1-0,1-0,0.0,0.09,0.91
1-0,1-0,0.0,0.33,0.67
1-0,0-1,0.0,0.55,0.44
1-0,0-1,0.0,0.53,0.35
0-1,1-0,0.0,0.23,0.77
0-1,0-1,0.0,0.88,0.1
1-0,0-1,0.0,0.66,0.32
1-0,1-0,0.0,0.41,0.58
0-1,1-0,0.0,0.38,0.5
0-1,1-0,0.0,0.48,0.52
0-1,1-0,0.0,0.4,0.59
1-0,0-1,0.0,0.8,0.2
0-1,1-0,0.0,0.29,0.71
0-1,0-1,0.0,0.58,0.42
0-1,0-1,0.0,0.6,0.4
0-1,1-0,0.0,0.49,0.51
1-0,1-0,0.0,0.27,0.59
1-0,0-1,0.0,0.57,0.41
0-1,0-1,0.0,0.52,0.42
0-1,1-0,0.0,0.27,0.73
0-1,1/2-1/2,0.0,0.12,0.38
1/2-1/2,0-1,0.0,0.53,0.37
1-0,0-1,0.0,0.66,0.34
1-0,1-0,0.0,0.34,0.66
1-0,1-0,0.0,0.4,0.6
0-1,1-0,0.0,0.1,0.84
0-1,0-1,0.0,0.58,0.42
0-1,1-0,0.0,0.42,0.58
1-0,0-1,0.0,0.63,0.37
1-0,0-1,0.0,0.61,0.32
0-1,0-1,0.0,0.5,0.46
0-1,1-0,0.0,0.44,0.56
0-1,1-0,0.0,0.12,0.88
1-0,0-1,0.0,0.53,0.41
0-1,1-0,0.0,0.44,0.56
1-0,1-0,0.0,0.2,0.8
1-0,0-1,0.0,0.62,0.38
1-0,0-1,0.0,0.53,0.45
1-0,0-1,0.0,0.75,0.2
0-1,0-1,0.0,0.61,0.39
1-0,1-0,0.0,0.16,0.82
1-0,0-1,0.0,0.56,0.44
1-0,0-1,0.0,0.6,0.38
0-1,1-0,0.0,0.25,0.5
1-0,1-0,0.0,0.22,0.78
1-0,0-1,0.0,0.56,0.44
0-1,1-0,0.0,0.38,0.6
0-1,1-0,0.0,0.48,0.52
1-0,1-0,0.0,0.36,0.64
0-1,0-1,0.0,0.53,0.47
1-0,1-0,0.0,0.35,0.63
1-0,1-0,0.0,0.2,0.79
0-1,1-0,0.0,0.45,0.48
1-0,1-0,0.0,0.4,0.6
1-0,1-0,0.0,0.46,0.51
0-1,1-0,0.0,0.2,0.8
0-1,0-1,0.0,0.64,0.36
1-0,1-0,0.0,0.4,0.52
0-1,1-0,0.0,0.35,0.44
0-1,1-0,0.0,0.47,0.51
0-1,0-1,0.0,0.52,0.36
1-0,0-1,0.0,0.62,0.38
0-1,1-0,0.0,0.15,0.5
1-0,0-1,0.0,0.71,0.29
0-1,0-1,0.0,0.85,0.14
1-0,1-0,0.0,0.33,0.66
1-0,1-0,0.0,0.2,0.78
0-1,1-0,0.0,0.47,0.53
0-1,0-1,0.0,0.75,0.25
0-1,1-0,0.0,0.19,0.81
0-1,1-0,0.0,0.39,0.61
0-1,0-1,0.0,0.5,0.42
1-0,0-1,0.0,0.73,0.25
0-1,0-1,0.0,0.58,0.41
1-0,1-0,0.0,0.27,0.73
0-1,0-1,0.0,0.53,0.47
1-0,0-1,0.0,0.68,0.31
1-0,1-0,0.0,0.01,0.99
1-0,0-1,0.0,0.54,0.43
0-1,1-0,0.0,0.25,0.66
0-1,0-1,0.0,0.51,0.49
0-1,0-1,0.0,0.92,0.07
1-0,1-0,0.0,0.47,0.53
1-0,1-0,0.0,0.34,0.62
0-1,1-0,0.0,0.28,0.72
0-1,1-0,0.0,0.23,0.77
1-0,0-1,0.0,0.53,0.46
0-1,0-1,0.0,0.46,0.39
1-0,1-0,0.0,0.42,0.58
0-1,0-1,0.0,0.7,0.3
1-0,0-1,0.0,0.56,0.42
0-1,0-1,0.0,0.76,0.19
0-1,0-1,0.0,0.54,0.44
1-0,0-1,0.0,0.74,0.25
0-1,0-1,0.0,0.44,0.14
1-0,1-0,0.0,0.39,0.54
1-0,1-0,0.0,0.1,0.89
1-0,0-1,0.0,0.42,0.17
1-0,0-1,0.0,0.61,0.38
0-1,0-1,0.0,0.54,0.46
1-0,1-0,0.0,0.46,0.49
1-0,0-1,0.0,0.66,0.22
0-1,1-0,0.0,0.23,0.68
1-0,0-1,0.0,0.58,0.42
0-1,0-1,0.0,0.62,0.36
1-0,1-0,0.0,0.32,0.68
1-0,0-1,0.0,0.61,0.39
0-1,1-0,0.0,0.46,0.54
0-1,0-1,0.0,0.52,0.48
1-0,1-0,0.0,0.22,0.64
0-1,0-1,0.01,0.56,0.33
1/2-1/2,1/2-1/2,0.0,0.28,0.23
1-0,1-0,0.0,0.2,0.8
1-0,0-1,0.0,0.68,0.32
0-1,0-1,0.0,0.83,0.17
1-0,1/2-1/2,0.0,0.32,0.24
0-1,0-1,0.0,0.52,0.47
1-0,1-0,0.0,0.16,0.81
1-0,1-0,0.0,0.33,0.66
0-1,1-0,0.0,0.39,0.55
1-0,1-0,0.0,0.4,0.6
1-0,0-1,0.0,0.47,0.37
1-0,1-0,0.0,0.17,0.67
1-0,1-0,0.0,0.34,0.64
0-1,1-0,0.0,0.33,0.67
1-0,1-0,0.0,0.15,0.85
0-1,1-0,0.0,0.07,0.92
0-1,0-1,0.0,0.56,0.44
0-1,1-0,0.0,0.31,0.69
0-1,1-0,0.0,0.49,0.51
0-1,1-0,0.0,0.45,0.55
1/2-1/2,0-1,0.0,0.38,0.24
0-1,0-1,0.0,0.49,0.49
0-1,0-1,0.0,0.69,0.27
1-0,0-1,0.0,0.57,0.42
1-0,1-0,0.0,0.35,0.53
0-1,1-0,0.0,0.27,0.71
0-1,0-1,0.0,0.52,0.46
0-1,1-0,0.0,0.44,0.56
1-0,0-1,0.0,0.58,0.15
0-1,1-0,0.0,0.29,0.7
0-1,0-1,0.0,0.64,0.34
1-0,1-0,0.0,0.45,0.55
0-1,0-1,0.0,0.64,0.35
1-0,0-1,0.0,0.63,0.36
0-1,1-0,0.0,0.34,0.64
1-0,1-0,0.0,0.33,0.67
0-1,1-0,0.0,0.25,0.54
1-0,0-1,0.0,0.58,0.42
1-0,0-1,0.0,0.56,0.43
1-0,1-0,0.0,0.28,0.72
0-1,0-1,0.0,0.43,0.41
1/2-1/2,0-1,0.0,0.7,0.23
0-1,1-0,0.0,0.28,0.72
1-0,1-0,0.0,0.2,0.77
1-0,0-1,0.0,0.58,0.42
0-1,1-0,0.0,0.4,0.57
0-1,1-0,0.0,0.35,0.65
1-0,1-0,0.0,0.35,0.39
1-0,1-0,0.0,0.35,0.61
1-0,1-0,0.0,0.49,0.5
1-0,0-1,0.0,0.71,0.29
1-0,0-1,0.0,0.75,0.25
0-1,1-0,0.0,0.32,0.61
1-0,1/2-1/2,0.0,0.35,0.1
0-1,1-0,0.0,0.28,0.61
1-0,0-1,0.0,0.56,0.42
0-1,1-0,0.0,0.46,0.54
1-0,1-0,0.0,0.21,0.79
0-1,0-1,0.0,0.57,0.29
0-1,1-0,0.0,0.29,0.7
1-0,0-1,0.0,0.56,0.44
0-1,0-1,0.0,0.51,0.46
0-1,1-0,0.0,0.35,0.65
1-0,1-0,0.0,0.48,0.52
1-0,1-0,0.0,0.24,0.74
1-0,0-1,0.0,0.51,0.49
0-1,1-0,0.0,0.32,0.68
1-0,1-0,0.0,0.39,0.53
0-1,0-1,0.0,0.6,0.39
1-0,1-0,0.0,0.34,0.65
1-0,1-0,0.0,0.39,0.58
0-1,1-0,0.0,0.28,0.71
1-0,1-0,0.0,0.27,0.46
1-0,1-0,0.0,0.31,0.69
1-0,0-1,0.0,0.56,0.44
1-0,0-1,0.0,0.49,0.48
1/2-1/2,1/2-1/2,0.0,0.23,0.2
0-1,0-1,0.0,0.87,0.11
0-1,0-1,0.0,0.6,0.2
1-0,1-0,0.0,0.2,0.8
0-1,0-1,0.0,0.52,0.34
0-1,0-1,0.0,0.69,0.3
1-0,0-1,0.0,0.69,0.3
1-0,0-1,0.0,0.49,0.44
0-1,0-1,0.0,0.8390000000000001,0.10099999999999999
1-0,1-0,0.0,0.05,0.92
0-1,0-1,0.0,0.71,0.29
0-1,1-0,0.0,0.45,0.54
1-0,0-1,0.0,0.57,0.43
1-0,1-0,0.0,0.46,0.54
1-0,1-0,0.0,0.26,0.38
1-0,1-0,0.0,0.35,0.65
0-1,1-0,0.0,0.21,0.68
1/2-1/2,1-0,0.0,0.47,0.5
0-1,0-1,0.0,0.6,0.34
1-0,0-1,0.0,0.8,0.2
0-1,0-1,0.0,0.63,0.37
1-0,1-0,0.0,0.47,0.49
1-0,0-1,0.0,0.57,0.4
1-0,0-1,0.0,0.71,0.28
0-1,0-1,0.0,0.56,0.43
0-1,0-1,0.0,0.82,0.18
1-0,1-0,0.0,0.28,0.72
0-1,0-1,0.0,0.37,0.31
1-0,1-0,0.0,0.43,0.57
1-0,0-1,0.0,0.64,0.36
1-0,1-0,0.0,0.38,0.54
0-1,1-0,0.0,0.43,0.57
0-1,1-0,0.0,0.41,0.47
1-0,1-0,0.0,0.07,0.92
0-1,0-1,0.0,0.69,0.31
1-0,1-0,0.0,0.46,0.53
0-1,0-1,0.0,0.71,0.28
1-0,1-0,0.0,0.49,0.51
1-0,0-1,0.0,0.62,0.34
1-0,0-1,0.0,0.53,0.46
0-1,1-0,0.0,0.38,0.62
1-0,0-1,0.0,0.51,0.48
0-1,1-0,0.0,0.35,0.65
0-1,0-1,0.0,0.56,0.42
1-0,0-1,0.0,0.51,0.49
1-0,0-1,0.0,0.7,0.28
1-0,1-0,0.0,0.29,0.39
0-1,0-1,0.0,0.59,0.34
0-1,1-0,0.0,0.42,0.49
0-1,0-1,0.0,0.62,0.38
0-1,1-0,0.0,0.42,0.52
1-0,1-0,0.0,0.36,0.64
1-0,1-0,0.0,0.3,0.7
0-1,1-0,0.0,0.36,0.62
0-1,1-0,0.0,0.27,0.73
1-0,0-1,0.0,0.51,0.46
0-1,0-1,0.0,0.76,0.23
1-0,1-0,0.0,0.28,0.72
1-0,0-1,0.0,0.56,0.44
1-0,0-1,0.0,0.54,0.46
0-1,0-1,0.0,0.82,0.15
0-1,0-1,0.0,0.67,0.33
0-1,0-1,0.0,0.59,0.41
1-0,1-0,0.0,0.25,0.75
0-1,0-1,0.0,0.73,0.25
1-0,0-1,0.0,0.48,0.47
1-0,0-1,0.0,0.44,0.41
1-0,0-1,0.0,0.5,0.5
1-0,0-1,0.0,0.56,0.15
0-1,0-1,0.0,0.85,0.14
1-0,1-0,0.0,0.49,0.51
1-0,1-0,0.0,0.24,0.76
1-0,0-1,0.0,0.47,0.44
0-1,0-1,0.0,0.57,0.42
1-0,1-0,0.0,0.24,0.76
0-1,1-0,0.0,0.35,0.65
0-1,1-0,0.0,0.273,0.727
0-1,1-0,0.0,0.44,0.55
1-0,1-0,0.0,0.35,0.61
1-0,1-0,0.0,0.2,0.8
0-1,1-0,0.0,0.16,0.83
1-0,0-1,0.0,0.48,0.46
0-1,1-0,0.0,0.25,0.7
0-1,1-0,0.0,0.31,0.69
1-0,0-1,0.0,0.61,0.22
1-0,1-0,0.0,0.23,0.6
1-0,1-0,0.0,0.27,0.69
0-1,0-1,0.0,0.51,0.49
0-1,0-1,0.0,0.77,0.19
1-0,1-0,0.0,0.42,0.57
0-1,0-1,0.0,0.71,0.25
0-1,0-1,0.0,0.72,0.25
0-1,0-1,0.0,0.64,0.32
1-0,0-1,0.0,0.52,0.47
1/2-1/2,0-1,0.0,0.58,0.26
1-0,1-0,0.0,0.29,0.71
0-1,0-1,0.0,0.66,0.34
0-1,1-0,0.0,0.39,0.61
1-0,0-1,0.0,0.62,0.37
1-0,0-1,0.0,0.78,0.21
1/2-1/2,1/2-1/2,0.0,0.26,0.36
0-1,1-0,0.0,0.42,0.51
0-1,0-1,0.0,0.52,0.48
1-0,1-0,0.0,0.39,0.61
0-1,0-1,0.0,0.58,0.42
0-1,0-1,0.0,0.75,0.25
1-0,1-0,0.0,0.47,0.51
1-0,0-1,0.0,0.63,0.27
1-0,0-1,0.0,0.7,0.29
0-1,0-1,0.0,0.69,0.31
1/2-1/2,0-1,0.0,0.56,0.44
1-0,0-1,0.0,0.41,0.36
1-0,1-0,0.0,0.17,0.83
1-0,1-0,0.0,0.46,0.54
0-1,0-1,0.0,0.57,0.27
1-0,0-1,0.0,0.74,0.24
1-0,0-1,0.0,0.5,0.45
0-1,1-0,0.0,0.18,0.77
1-0,1-0,0.0,0.48,0.52
1-0,0-1,0.0,0.61,0.39
1-0,1-0,0.0,0.42,0.58
1-0,0-1,0.0,0.52,0.48
1-0,0-1,0.0,0.71,0.29
1-0,1-0,0.0,0.26,0.74
1-0,0-1,0.0,0.68,0.32
1-0,1-0,0.0,0.39,0.61
0-1,1-0,0.0,0.41,0.59
1-0,1-0,0.0,0.41,0.59
1-0,0-1,0.0,0.75,0.25
0-1,0-1,0.0,0.52,0.33
1-0,0-1,0.0,0.66,0.34
0-1,1-0,0.0,0.3,0.7
1-0,0-1,0.0,0.62,0.37
0-1,1-0,0.0,0.36,0.62
0-1,1-0,0.0,0.27,0.65
0-1,0-1,0.0,0.49,0.46
1-0,0-1,0.0,0.84,0.14
0-1,0-1,0.0,0.94,0.04
0-1,1-0,0.0,0.2,0.77
1-0,1-0,0.0,0.21,0.79
1-0,1-0,0.0,0.36,0.64
0-1,0-1,0.0,0.58,0.41
1/2-1/2,0-1,0.0,0.66,0.25
1/2-1/2,1-0,0.0,0.34,0.66
0-1,1-0,0.0,0.27,0.73
0-1,0-1,0.0,0.87,0.13
1-0,1-0,0.0,0.21,0.79
1-0,0-1,0.0,0.51,0.49
1-0,1-0,0.0,0.43,0.53
0-1,1-0,0.0,0.34,0.65
1-0,0-1,0.0,0.77,0.23
1-0,1-0,0.0,0.13,0.87
0-1,1-0,0.0,0.4,0.53
0-1,1/2-1/2,0.0,0.37,0.14
0-1,0-1,0.0,0.54,0.46
0-1,0-1,0.0,0.72,0.27
1-0,0-1,0.0,0.75,0.25
0-1,1-0,0.0,0.4,0.6
0-1,0-1,0.0,0.61,0.39
1-0,0-1,0.0,0.52,0.48
1-0,1-0,0.0,0.35,0.59
0-1,1-0,0.0,0.36,0.63
0-1,1-0,0.0,0.24,0.58
1-0,1-0,0.0,0.02,0.92
1/2-1/2,0-1,0.0,0.5,0.41
1-0,1-0,0.0,0.47,0.53
0-1,0-1,0.0,0.74,0.25
0-1,1-0,0.0,0.38,0.62
0-1,0-1,0.0,0.53,0.47
1-0,1-0,0.0,0.37,0.63
0-1,1-0,0.0,0.27,0.73
1-0,0-1,0.0,0.52,0.47
0-1,1-0,0.0,0.15,0.83
0-1,1-0,0.0,0.25,0.75
0-1,1-0,0.0,0.46,0.54
0-1,0-1,0.0,0.65,0.35
0-1,1-0,0.0,0.09,0.91
0-1,0-1,0.0,0.8,0.13
0-1,0-1,0.0,0.58,0.27
1-0,1-0,0.0,0.08,0.9
1-0,0-1,0.0,0.76,0.22
1-0,0-1,0.0,0.64,0.36
0-1,1-0,0.0,0.48,0.52
1/2-1/2,1/2-1/2,0.0,0.27,0.33
0-1,1-0,0.0,0.22,0.78
1-0,0-1,0.0,0.52,0.48
1-0,0-1,0.0,0.57,0.34
1-0,0-1,0.0,0.74,0.24
0-1,1-0,0.0,0.43,0.57
0-1,0-1,0.0,0.65,0.28
0-1,0-1,0.0,0.55,0.44
1-0,1-0,0.0,0.17,0.82
1-0,0-1,0.0,0.66,0.09
1-0,1-0,0.0,0.13,0.87
1-0,1-0,0.0,0.36,0.64
1-0,1-0,0.0,0.37,0.52
0-1,0-1,0.0,0.56,0.44
0-1,1-0,0.0,0.28,0.71
1-0,0-1,0.0,0.64,0.26
0-1,0-1,0.0,0.74,0.24
0-1,1-0,0.0,0.47,0.51
1-0,1-0,0.0,0.42,0.44
1-0,0-1,0.0,0.61,0.39
1-0,0-1,0.0,0.76,0.24
1-0,1-0,0.0,0.44,0.56
0-1,1-0,0.0,0.41,0.51
0-1,1-0,0.0,0.49,0.51
1-0,1-0,0.0,0.21,0.79
1-0,0-1,0.0,0.58,0.42
0-1,1-0,0.0,0.3,0.69
1-0,1-0,0.0,0.27,0.73
1-0,1-0,0.0,0.27,0.73
1-0,1-0,0.0,0.16,0.83
1-0,1-0,0.0,0.46,0.53
0-1,1-0,0.0,0.38,0.61
0-1,0-1,0.0,0.69,0.29
0-1,0-1,0.0,0.66,0.34
0-1,0-1,0.0,0.66,0.34
0-1,0-1,0.0,0.56,0.42
0-1,1-0,0.0,0.46,0.53
1-0,0-1,0.0,0.55,0.35
1/2-1/2,1-0,0.0,0.32,0.57
1-0,0-1,0.0,0.74,0.26
1-0,1-0,0.0,0.43,0.57
0-1,1-0,0.0,0.21,0.79
1-0,0-1,0.0,0.59,0.41
1-0,0-1,0.0,0.66,0.33
0-1,0-1,0.0,0.87,0.09
0-1,1-0,0.0,0.33,0.66
0-1,0-1,0.0,0.61,0.37
1-0,1-0,0.0,0.18,0.82
0-1,1-0,0.0,0.35,0.64
1/2-1/2,0-1,0.0,0.49,0.3
1-0,0-1,0.0,0.52,0.38
1-0,1-0,0.0,0.32,0.68
0-1,0-1,0.0,0.84,0.15
0-1,0-1,0.0,0.72,0.27
0-1,1-0,0.0,0.39,0.59
1/2-1/2,1-0,0.0,0.3,0.68
1-0,1-0,0.0,0.32,0.68
0-1,1-0,0.0,0.36,0.56
1/2-1/2,1-0,0.0,0.38,0.61
0-1,1-0,0.0,0.42,0.57
1-0,1-0,0.0,0.43,0.53
1-0,0-1,0.0,0.69,0.31
1-0,1-0,0.0,0.23,0.76
1/2-1/2,1-0,0.0,0.36,0.57
1-0,1-0,0.0,0.38,0.4
1-0,1-0,0.0,0.44,0.47
1-0,1-0,0.0,0.28,0.71
1-0,1-0,0.02,0.29,0.69
0-1,0-1,0.0,0.94,0.06
0-1,1-0,0.0,0.2,0.8
1-0,1-0,0.0,0.37,0.63
0-1,0-1,0.0,0.47,0.24
0-1,1-0,0.0,0.43,0.57
0-1,1-0,0.0,0.32,0.68
1-0,0-1,0.0,0.55,0.42
1-0,0-1,0.0,0.5,0.48
0-1,0-1,0.0,0.46,0.19
1-0,1-0,0.0,0.11,0.86
1-0,1-0,0.0,0.26,0.71
1-0,0-1,0.0,0.45,0.4
0-1,0-1,0.0,0.42,0.31
0-1,0-1,0.0,0.57,0.43
0-1,0-1,0.0,0.57,0.43
1-0,0-1,0.0,0.74,0.26
1-0,0-1,0.0,0.58,0.42
0-1,0-1,0.0,0.84,0.16
0-1,0-1,0.0,0.51,0.24
0-1,1-0,0.0,0.34,0.62
1-0,1-0,0.0,0.35,0.57
1-0,1-0,0.0,0.28,0.7
1-0,0-1,0.0,0.69,0.3
0-1,1-0,0.0,0.4,0.6
1-0,1-0,0.0,0.17,0.83
1-0,0-1,0.0,0.55,0.45
0-1,0-1,0.0,0.55,0.43
1-0,1-0,0.0,0.27,0.73
1-0,1-0,0.0,0.11,0.89
0-1,0-1,0.0,0.61,0.38
1-0,1-0,0.0,0.08,0.89
1-0,1-0,0.0,0.49,0.51
1-0,0-1,0.0,0.51,0.49
1-0,1-0,0.0,0.27,0.73
0-1,0-1,0.0,0.92,0.08
1-0,1-0,0.0,0.49,0.51
1-0,1-0,0.0,0.24,0.76
1-0,0-1,0.0,0.54,0.46
1-0,1-0,0.0,0.3,0.7
1-0,0-1,0.0,0.73,0.27
0-1,1-0,0.0,0.45,0.55
0-1,1-0,0.0,0.44,0.56
0-1,1-0,0.0,0.34,0.58
1-0,0-1,0.0,0.62,0.3
0-1,0-1,0.0,0.56,0.44
1/2-1/2,1-0,0.0,0.31,0.51
0-1,1-0,0.0,0.19,0.75
1-0,1-0,0.0,0.35,0.57
1-0,0-1,0.0,0.82,0.17
1-0,0-1,0.0,0.65,0.35
1-0,1-0,0.0,0.0,1.0
0-1,1-0,0.0,0.48,0.51
1-0,0-1,0.0,0.56,0.3
1-0,0-1,0.0,0.64,0.36
1-0,1-0,0.0,0.42,0.57
0-1,0-1,0.0,0.71,0.29
1-0,0-1,0.0,0.6,0.4
0-1,0-1,0.0,0.75,0.25
0-1,0-1,0.0,0.59,0.41
1-0,1-0,0.0,0.43,0.52
1-0,1-0,0.0,0.33399999999999996,0.6559999999999999
0-1,1-0,0.0,0.44,0.56
0-1,1-0,0.0,0.42,0.56
0-1,0-1,0.0,0.65,0.35
1-0,0-1,0.0,0.77,0.23
1-0,0-1,0.0,0.77,0.21
0-1,1/2-1/2,0.0,0.33,0.22
0-1,0-1,0.0,0.75,0.22
1-0,0-1,0.0,0.57,0.33
1-0,0-1,0.0,0.69,0.3
1/2-1/2,1-0,0.0,0.35,0.52
1/2-1/2,1-0,0.0,0.17,0.69
1-0,1-0,0.0,0.25,0.74
1-0,0-1,0.0,0.51,0.49
1-0,0-1,0.0,0.56,0.37
0-1,0-1,0.0,0.73,0.27
0-1,1-0,0.0,0.22,0.72
1-0,0-1,0.0,0.52,0.36
0-1,0-1,0.0,0.57,0.42
0-1,1-0,0.0,0.49,0.5
0-1,1-0,0.0,0.49,0.5
0-1,1-0,0.0,0.25,0.68
1-0,0-1,0.0,0.52,0.48
1-0,0-1,0.0,0.59,0.41
0-1,1-0,0.0,0.44,0.51
1-0,1-0,0.0,0.41,0.59
0-1,0-1,0.0,0.66,0.3
1-0,0-1,0.0,0.73,0.27
0-1,0-1,0.0,0.51,0.49
1-0,0-1,0.0,0.52,0.39
1-0,0-1,0.0,0.45,0.32
1-0,0-1,0.0,0.53,0.45
0-1,0-1,0.0,0.63,0.36
0-1,1-0,0.0,0.05,0.93
1-0,0-1,0.0,0.63,0.23
0-1,0-1,0.0,0.64,0.33
0-1,0-1,0.0,0.69,0.22
0-1,0-1,0.0,0.89,0.11
1-0,0-1,0.0,0.55,0.45
1-0,1-0,0.0,0.46,0.54
0-1,0-1,0.0,0.76,0.21
1-0,1-0,0.0,0.29,0.71
1-0,1-0,0.0,0.34,0.66
0-1,1-0,0.0,0.44,0.56
1-0,0-1,0.0,0.42,0.42
0-1,1-0,0.0,0.35,0.65
0-1,0-1,0.0,0.68,0.32
0-1,1-0,0.0,0.36,0.62
1-0,0-1,0.01,0.52,0.47
0-1,1-0,0.0,0.39,0.61
1-0,0-1,0.0,0.51,0.43
1-0,0-1,0.0,0.5,0.46
0-1,1-0,0.0,0.38,0.57
1-0,1-0,0.0,0.49,0.51
1-0,1-0,0.0,0.45,0.55
0-1,0-1,0.0,0.53,0.46
0-1,0-1,0.0,0.86,0.13
1-0,0-1,0.0,0.52,0.47
0-1,1-0,0.0,0.41,0.47
1-0,1-0,0.0,0.19,0.79
0-1,1-0,0.0,0.47,0.53
1-0,1-0,0.0,0.34,0.63
1-0,1-0,0.0,0.22,0.78
1-0,0-1,0.0,0.61,0.28
1-0,1-0,0.0,0.2,0.8
1-0,0-1,0.0,0.61,0.39
1-0,1-0,0.0,0.32,0.67
1-0,1-0,0.0,0.39,0.59
0-1,0-1,0.0,0.57,0.43
0-1,0-1,0.0,0.68,0.32
1-0,1-0,0.0,0.45,0.55
1-0,0-1,0.0,0.41,0.35
1-0,1-0,0.0,0.41,0.58
1-0,1-0,0.0,0.36,0.62
0-1,1-0,0.0,0.47,0.53
0-1,0-1,0.0,0.5,0.49
1-0,1-0,0.0,0.4,0.6
0-1,0-1,0.0,0.73,0.25
0-1,0-1,0.0,0.58,0.42
1-0,1-0,0.0,0.3,0.69
1-0,0-1,0.0,0.7,0.29
1-0,1-0,0.0,0.46,0.54
0-1,0-1,0.0,0.46,0.43
0-1,0-1,0.0,0.61,0.16
1-0,1-0,0.0,0.37,0.63
1/2-1/2,0-1,0.0,0.65,0.33
0-1,1-0,0.0,0.2,0.8
1-0,0-1,0.0,0.58,0.37
1-0,1-0,0.0,0.33,0.67
1-0,1-0,0.0,0.48,0.5
0-1,1-0,0.0,0.26,0.74
1-0,0-1,0.0,0.55,0.45
1-0,0-1,0.0,0.49,0.48
1-0,1-0,0.0,0.35,0.65
1-0,0-1,0.0,0.58,0.42
1-0,0-1,0.0,0.65,0.32
1-0,1-0,0.0,0.24,0.63
0-1,0-1,0.0,0.74,0.26
1-0,0-1,0.0,0.65,0.34
0-1,1-0,0.0,0.27,0.66
0-1,1-0,0.0,0.42,0.58
1-0,1-0,0.0,0.39,0.54
0-1,0-1,0.0,0.57,0.43
1-0,0-1,0.0,0.8,0.2
0-1,1-0,0.0,0.18,0.82
1-0,0-1,0.0,0.55,0.45
1-0,1-0,0.0,0.28,0.7
1-0,1-0,0.0,0.34,0.66
0-1,0-1,0.0,0.6,0.39
1-0,1-0,0.0,0.06,0.94
0-1,1-0,0.0,0.18,0.74
1/2-1/2,0-1,0.0,0.56,0.36
1-0,0-1,0.0,0.63,0.32
0-1,1-0,0.0,0.22,0.78
1-0,0-1,0.0,0.49,0.47
1-0,1-0,0.0,0.1,0.88
0-1,1-0,0.0,0.43,0.54
1-0,0-1,0.0,0.64,0.3
1-0,1-0,0.0,0.44,0.55
0-1,0-1,0.0,0.6,0.3
0-1,1-0,0.0,0.31,0.63
1-0,1-0,0.0,0.39,0.61
1-0,0-1,0.0,0.82,0.18
1-0,0-1,0.0,0.79,0.16
1-0,0-1,0.0,0.64,0.36
0-1,0-1,0.0,0.58,0.41
1-0,1-0,0.0,0.28,0.71
1-0,0-1,0.0,0.5,0.41
1-0,1-0,0.0,0.19,0.78
0-1,1-0,0.0,0.05,0.71
1-0,0-1,0.0,0.8,0.2
1-0,0-1,0.0,0.76,0.2
0-1,1-0,0.0,0.14,0.85
0-1,1-0,0.0,0.35,0.64
0-1,1-0,0.0,0.38,0.62
0-1,0-1,0.0,0.645,0.355
0-1,0-1,0.0,0.54,0.43
0-1,0-1,0.0,0.85,0.15
1-0,0-1,0.0,0.67,0.21
0-1,0-1,0.0,0.5,0.5
1-0,1-0,0.0,0.23,0.73
1-0,1-0,0.0,0.16,0.45
0-1,0-1,0.0,0.84,0.16
0-1,0-1,0.0,0.61,0.39
1-0,0-1,0.0,0.7,0.3
0-1,0-1,0.0,0.73,0.25
0-1,1-0,0.0,0.31,0.49
0-1,1-0,0.0,0.33,0.67
1-0,1-0,0.0,0.38,0.52
0-1,0-1,0.0,0.7,0.16
1-0,1-0,0.0,0.13,0.87
1-0,0-1,0.0,0.51,0.47
0-1,1-0,0.0,0.16,0.82
1-0,1-0,0.0,0.25,0.75
1-0,1-0,0.0,0.2,0.8
1/2-1/2,0-1,0.0,0.69,0.19
0-1,0-1,0.0,0.66,0.31
